BER_osc_16QAM_level90,BER_osc_16QAM_level100,BER_osc_16QAM_level110,SNR
0.04174875,0.03820875,0.037666875,5
0.02505375,0.0202425,0.01942125,7
0.00860625,0.004993125,0.004568125,10
0.00391875,0.001438125,0.00122375,12
0.001335625,7.375e-05,4.125e-05,15
0.00061875,3.75e-06,1.25e-06,17
0.00027625,0.0,0.0,20
