BER_osc_64QAM_level90,BER_osc_64QAM_level100,BER_osc_64QAM_level110,SNR
0.02229277777777778,0.019586944444444445,0.019227777777777778,5
0.017784166666666667,0.013748333333333333,0.013040555555555555,7
0.011748333333333333,0.004879166666666667,0.0038363888888888887,10
0.0086125,0.0014663888888888888,0.0009897222222222221,12
0.006196666666666666,0.00018833333333333332,4.6666666666666665e-05,15
0.0051469444444444444,4.305555555555555e-05,2.5e-06,17
0.0046747222222222225,7.5e-06,0.0,20
