BER_osc_32QAM_level90,BER_osc_32QAM_level100,BER_osc_32QAM_level110,SNR
0.0308288,0.028934,0.0285124,5
0.0221836,0.0177288,0.0168824,7
0.0098292,0.0044668,0.003932,10
0.0056896,0.001378,0.0011752,12
0.0029636,0.000104,3.88e-05,15
0.002114,1.36e-05,8e-07,17
0.0014664,8e-07,0.0,20
